metric,solution_score
Bleu-1,0.207377971366259
Bleu-2,0.0991312874665564
Bleu-3,0.050229157209054784
Bleu-4,0.02642154476157355
