metric,solution_score
Bleu-1,0.10988875154510384
Bleu-2,0.04942865897060662
Bleu-3,0.02505518793370291
Bleu-4,0.01338603417262037
