metric,solution_score
Bleu-1,0.10081572892699217
Bleu-2,0.04759875537375004
Bleu-3,0.02528163440921826
Bleu-4,0.01484758935850416
