metric,solution_score
Bleu-1,0.20657480498296732
Bleu-2,0.09583077236017169
Bleu-3,0.044150471407992234
Bleu-4,0.022006291534784974
