metric,solution_score
Bleu-1,0.1404675534058564
Bleu-2,0.06094835187954699
Bleu-3,0.029160298166649612
Bleu-4,0.013855214493037827
