metric,solution_score
Bleu-1,0.15410711482466508
Bleu-2,0.0687866704795276
Bleu-3,0.03090703794862753
Bleu-4,0.014700403708790001
