metric,solution_score,question_score
Bleu-1,0.0644631010391555
Bleu-2,0.026454068179403708
Bleu-3,0.011104632159177293
Bleu-4,0.005473584723930703
