metric,solution_score
Bleu-1,0.12077641984182302
Bleu-2,0.05185931990163581
Bleu-3,0.0242526627993298
Bleu-4,0.012369451378991083
